candidate,macro_f1,accuracy,mel_precision,mel_recall,mel_f1,mel_as_nv,forward_passes,members,passes_recall_guard
reference_d4,0.7215705900892495,0.8315579227696405,0.6217948717948718,0.5808383233532934,0.6006191950464397,45,24,3,True
reference_identity,0.7281287539881333,0.8308921438082557,0.6274509803921569,0.5748502994011976,0.6,46,3,3,True
reference_flips4,0.7292557158990406,0.833555259653795,0.6225165562913907,0.562874251497006,0.5911949685534591,49,12,3,False
no_smoothing_identity,0.7428119683404519,0.8382157123834887,0.5923566878980892,0.5568862275449101,0.5740740740740741,59,3,3,False
no_smoothing_d4,0.7565847149746505,0.8435419440745673,0.5764705882352941,0.5868263473053892,0.5816023738872403,54,24,3,True
mixed6_d4,0.7645914130523386,0.8455392809587217,0.6012269938650306,0.5868263473053892,0.5939393939393939,53,48,6,True
mixed6_identity,0.7671182485528371,0.844207723035952,0.6037735849056604,0.5748502994011976,0.5889570552147239,53,6,6,True
mixed6_flips4,0.7711663042465485,0.8495339547270306,0.6139240506329114,0.5808383233532934,0.5969230769230769,53,24,6,True
no_smoothing_flips4,0.7722062659365712,0.8488681757656458,0.5914634146341463,0.5808383233532934,0.5861027190332327,57,12,3,True
