arm,seed,label,precision,recall,f1,support
reference,42,mel,0.6139240506329114,0.5808383233532934,0.5969230769230769,167.0
reference,42,nv,0.9275210084033614,0.8777335984095428,0.9019407558733402,1006.0
reference,42,bcc,0.7790697674418605,0.8701298701298701,0.8220858895705522,77.0
reference,42,akiec,0.56,0.5714285714285714,0.5656565656565656,49.0
reference,42,bkl,0.6280193236714976,0.7878787878787878,0.6989247311827957,165.0
reference,42,df,0.5416666666666666,0.7647058823529411,0.6341463414634146,17.0
reference,42,vasc,0.68,0.8095238095238095,0.7391304347826089,21.0
reference,43,mel,0.5915492957746479,0.5029940119760479,0.5436893203883495,167.0
reference,43,nv,0.9214659685863874,0.8747514910536779,0.8975012748597654,1006.0
reference,43,bcc,0.6260869565217392,0.935064935064935,0.75,77.0
reference,43,akiec,0.543859649122807,0.6326530612244898,0.5849056603773586,49.0
reference,43,bkl,0.6263736263736264,0.6909090909090909,0.6570605187319885,165.0
reference,43,df,0.41935483870967744,0.7647058823529411,0.5416666666666666,17.0
reference,43,vasc,0.9,0.8571428571428571,0.8780487804878048,21.0
reference,44,mel,0.6209150326797386,0.5688622754491018,0.59375,167.0
reference,44,nv,0.9241658240647118,0.9085487077534792,0.9162907268170427,1006.0
reference,44,bcc,0.788235294117647,0.8701298701298701,0.8271604938271604,77.0
reference,44,akiec,0.6666666666666666,0.6530612244897959,0.6597938144329897,49.0
reference,44,bkl,0.7218934911242604,0.7393939393939394,0.7305389221556886,165.0
reference,44,df,0.45454545454545453,0.8823529411764706,0.6,17.0
reference,44,vasc,0.72,0.8571428571428571,0.782608695652174,21.0
no_smoothing,42,mel,0.5723684210526315,0.5209580838323353,0.5454545454545454,167.0
no_smoothing,42,nv,0.9096325719960278,0.9105367793240556,0.9100844510680576,1006.0
no_smoothing,42,bcc,0.7590361445783133,0.8181818181818182,0.7875000000000001,77.0
no_smoothing,42,akiec,0.673469387755102,0.673469387755102,0.673469387755102,49.0
no_smoothing,42,bkl,0.7,0.7212121212121212,0.7104477611940297,165.0
no_smoothing,42,df,0.5263157894736842,0.5882352941176471,0.5555555555555555,17.0
no_smoothing,42,vasc,0.7272727272727273,0.7619047619047619,0.7441860465116279,21.0
no_smoothing,43,mel,0.5828220858895705,0.5688622754491018,0.5757575757575758,167.0
no_smoothing,43,nv,0.9075546719681908,0.9075546719681908,0.9075546719681908,1006.0
no_smoothing,43,bcc,0.6106194690265486,0.8961038961038961,0.7263157894736842,77.0
no_smoothing,43,akiec,0.5178571428571429,0.5918367346938775,0.5523809523809524,49.0
no_smoothing,43,bkl,0.7709923664122137,0.6121212121212121,0.6824324324324323,165.0
no_smoothing,43,df,0.631578947368421,0.7058823529411765,0.6666666666666667,17.0
no_smoothing,43,vasc,0.9285714285714286,0.6190476190476191,0.742857142857143,21.0
no_smoothing,44,mel,0.55,0.592814371257485,0.5706051873198846,167.0
no_smoothing,44,nv,0.9315789473684211,0.8797216699801192,0.9049079754601227,1006.0
no_smoothing,44,bcc,0.7272727272727273,0.8311688311688312,0.7757575757575759,77.0
no_smoothing,44,akiec,0.7777777777777778,0.5714285714285714,0.6588235294117646,49.0
no_smoothing,44,bkl,0.6127450980392157,0.7575757575757576,0.6775067750677507,165.0
no_smoothing,44,df,0.7,0.8235294117647058,0.7567567567567567,17.0
no_smoothing,44,vasc,0.7083333333333334,0.8095238095238095,0.7555555555555556,21.0
